,country,density(p/km2),abbreviation,capital/major_city,currency-code,largest_city,official_language,latitud,longitud,continente,agricultural_land,land_area,armed_forces_size,birth_rate,calling_code,fertility_rate,forested_area,gasoline_price,gdp,life_expectancy,co2-emissions,cpi,cpi_change,gross_primary_education_enrollment,gross_tertiary_education_enrollment,infant_mortality,maternal_mortality_ratio,minimum_wage,out_of_pocket_health_expenditure,physicians_per_thousand,population,population_labor_force_participation,tax_revenue,total_tax_rate,unemployment_rate,urban_population
0,Afghanistan,60.0,AF,Kabul,AFN,Kabul,Pashto,33.93911,67.709953,Asia,58.1,652230.0,323000.0,32.49,93.0,4.47,2.1,0.7,19101353833.0,64.5,8672.0,149.9,2.3,104.0,9.7,47.9,638.0,0.43,78.4,0.28,38041754.0,48.9,9.3,71.4,11.12,9797273.0
1,Albania,105.0,AL,Tirana,ALL,Tirana,Albanian,41.153332,20.168331,Europe,43.1,28748.0,9000.0,11.78,355.0,1.62,28.1,1.36,15278077447.0,78.5,4536.0,119.05,1.4,107.0,55.0,7.8,15.0,1.12,56.9,1.2,2854191.0,55.7,18.6,36.6,12.33,1747593.0
2,Algeria,18.0,DZ,Algiers,DZD,Algiers,Arabic,28.033886,1.659626,Africa,17.4,2381741.0,317000.0,24.28,213.0,3.02,0.8,0.28,169988236398.0,76.7,150006.0,151.36,2.0,109.9,51.4,20.1,112.0,0.95,28.1,1.72,43053054.0,41.2,37.2,66.1,11.7,31510100.0
3,Andorra,164.0,AD,Andorra la Vella,EUR,Andorra la Vella,Catalan,42.506285,1.521801,Europe,40.0,468.0,45892.757510049916,7.2,376.0,1.27,34.0,1.51,3154057987.0,79.782291842669,469.0,169.706,6.82,106.4,9.82,2.7,436.8,6.63,36.4,3.33,77142.0,70.06,16.54,34.839999999999996,8.058000000000002,67873.0
4,Angola,26.0,AO,Luanda,AOA,Luanda,Portuguese,-11.202692,17.873887,Africa,47.5,1246700.0,117000.0,40.73,244.0,5.52,46.3,0.97,94635415870.0,60.8,34693.0,261.73,17.1,113.5,9.3,51.6,241.0,0.71,33.4,0.21,31825295.0,77.5,9.2,49.1,6.89,21061025.0
5,Antigua and Barbuda,223.0,AG,"St. John's, Saint John",XCD,"St. John's, Saint John",English,17.060816,-61.796428,North America,20.5,443.0,0.0,15.33,1.0,1.99,22.3,0.99,1727759259.0,76.9,557.0,113.81,1.2,105.0,24.8,5.0,42.0,3.04,24.3,2.76,97118.0,67.22,16.5,43.0,6.5699999999999985,23800.0
6,Argentina,17.0,AR,Buenos Aires,ARS,Buenos Aires,Spanish,-38.416097,-63.616672,South America,54.3,2780400.0,105000.0,17.02,54.0,2.26,9.8,1.1,449663446954.0,76.5,201348.0,232.75,53.5,109.7,90.0,8.8,39.0,3.35,17.6,3.96,44938712.0,61.3,10.1,106.3,9.79,41339571.0
7,Armenia,104.0,AM,Yerevan,AMD,Yerevan,Armenian,40.069099,45.038189,Asia,58.9,29743.0,49000.0,13.99,374.0,1.76,11.7,0.77,13672802158.0,74.9,5156.0,129.18,1.4,92.7,54.6,11.0,26.0,0.66,81.6,4.4,2957731.0,55.6,20.9,22.6,16.99,1869848.0
8,Australia,3.0,AU,Canberra,AUD,Sydney,Unknown,-25.274398,133.775136,Oceania,48.2,7741220.0,58000.0,12.6,61.0,1.74,16.3,0.93,1392680589329.0,82.7,375908.0,119.8,1.6,100.3,113.1,3.1,6.0,13.59,19.6,3.68,25766605.0,65.5,23.0,47.4,5.27,21844756.0
9,Austria,109.0,AT,Vienna,EUR,Vienna,German,47.516231,14.550072,Europe,32.4,83871.0,21000.0,9.7,43.0,1.47,46.9,1.2,446314739528.0,81.6,61448.0,118.06,1.5,103.1,85.1,2.9,5.0,2.612,17.9,5.17,8877067.0,60.7,25.4,51.4,4.67,5194416.0
10,Azerbaijan,123.0,AZ,Baku,AZN,Baku,Azerbaijani language,40.143105,47.576927,Asia,57.7,86600.0,82000.0,14.0,994.0,1.73,14.1,0.56,39207000000.0,72.9,37620.0,156.32,2.6,99.7,27.7,19.2,26.0,0.47,78.6,3.45,10023318.0,66.5,13.0,40.7,5.51,5616165.0
11,The Bahamas,39.0,BS,"Nassau, Bahamas",Unknown,"Nassau, Bahamas",English,25.03428,-77.39628,North America,1.4,13880.0,1000.0,13.97,1.0,1.75,51.4,0.92,12827000000.0,73.8,1786.0,116.22,2.5,81.4,15.1,8.3,70.0,5.25,27.8,1.94,389482.0,74.6,14.8,33.8,10.36,323784.0
12,Bahrain,2239.0,BH,Manama,BHD,Riffa,Arabic,26.0667,50.5577,Asia,11.1,765.0,19000.0,13.99,973.0,1.99,0.8,0.43,38574069149.0,77.2,31694.0,117.59,2.1,99.4,50.5,6.1,14.0,0.772,25.1,0.93,1501635.0,73.4,4.2,13.8,0.71,1467109.0
13,Bangladesh,1265.0,BD,Dhaka,BDT,Dhaka,Bengali,23.684994,90.356331,Asia,70.6,148460.0,221000.0,18.18,880.0,2.04,11.0,1.12,302571254131.0,72.3,84246.0,179.68,5.6,116.5,20.6,25.1,173.0,0.51,71.8,0.58,167310838.0,59.0,8.8,33.4,4.19,60987417.0
14,Barbados,668.0,BB,Bridgetown,BBD,Bridgetown,English,13.193887,-59.543198,North America,23.3,430.0,1000.0,10.65,1.0,1.62,14.7,1.81,5209000000.0,79.1,1276.0,134.09,4.1,99.4,65.4,11.3,27.0,3.13,45.2,2.48,287025.0,65.2,27.5,35.6,10.33,89431.0
15,Belarus,47.0,BY,Minsk,BYN,Minsk,Russian,53.709807,27.953389,Europe,42.0,207600.0,155000.0,9.9,375.0,1.45,42.6,0.6,63080457023.0,74.2,58280.0,163.30599999999998,5.6,100.5,87.4,2.6,2.0,1.49,34.5,5.19,9466856.0,64.1,14.7,53.3,4.59,7482982.0
16,Belgium,383.0,BE,City of Brussels,EUR,Brussels,French,50.503887,4.469936,Europe,44.6,30528.0,32000.0,10.3,32.0,1.62,22.6,1.43,529606710418.0,81.6,96889.0,117.11,1.4,103.9,79.7,2.9,5.0,10.31,17.6,3.07,11484055.0,53.6,24.0,55.4,5.59,11259082.0
17,Belize,17.0,BZ,Belmopan,BZD,Belize City,English,17.189877,-88.49765,North America,7.0,22966.0,2000.0,20.79,501.0,2.31,59.7,1.13,1879613600.0,74.5,568.0,105.68,-0.9,111.7,24.7,11.2,36.0,1.65,22.7,1.12,390353.0,65.1,26.3,31.1,6.41,179039.0
18,Benin,108.0,BJ,Porto-Novo,XOF,Cotonou,French,9.30769,2.315834,Africa,33.3,112622.0,12000.0,36.22,229.0,4.84,37.8,0.72,14390709095.0,61.5,6476.0,110.71,-0.9,122.0,12.3,60.5,397.0,0.39,40.5,0.08,11801151.0,70.9,10.8,48.9,2.23,5648149.0
19,Bhutan,20.0,BT,Thimphu,Unknown,Thimphu,Dzongkha,27.514162,90.433601,Asia,13.6,38394.0,6000.0,17.26,975.0,1.98,72.5,0.98,2446674101.0,71.5,1261.0,167.18,2.7,100.1,15.6,24.8,183.0,0.32,19.8,0.42,727145.0,66.7,16.0,35.3,2.34,317538.0
20,Bolivia,11.0,BO,Sucre,BOB,Santa Cruz de la Sierra,Spanish,-16.290154,-63.588653,South America,34.8,1098581.0,71000.0,21.75,591.0,2.73,50.3,0.71,40895322865.0,71.2,21606.0,148.32,1.8,98.2,24.060000000000002,21.8,155.0,1.36,25.9,1.59,11513100.0,71.8,17.0,83.7,3.5,8033035.0
21,Bosnia and Herzegovina,64.0,BA,Sarajevo,BAM,Tuzla Canton,Bosnian,43.915886,17.679076,Europe,43.1,51197.0,11000.0,8.11,387.0,1.27,42.7,1.05,20047848435.0,77.3,21848.0,104.9,0.6,99.26000000000002,23.3,5.0,10.0,1.04,28.6,2.16,3301000.0,46.4,20.4,23.7,18.42,1605144.0
22,Botswana,4.0,BW,Gaborone,BWP,Gaborone,English,-22.328474,24.684866,Africa,45.6,581730.0,9000.0,24.82,267.0,2.87,18.9,0.71,18340510789.0,69.3,6340.0,149.75,2.8,103.2,24.9,30.0,144.0,0.29,5.3,0.37,2346179.0,70.8,19.5,25.1,18.19,1616550.0
23,Brazil,25.0,BR,Bras���,BRL,S����,Portuguese,-14.235004,-51.92528,South America,33.9,8515770.0,730000.0,13.92,55.0,1.73,58.9,1.02,1839758040766.0,75.7,462299.0,167.4,3.7,115.4,51.3,12.8,60.0,1.53,28.3,2.15,212559417.0,63.9,14.2,65.1,12.08,183241641.0
24,Brunei,83.0,BN,Bandar Seri Begawan,BND,Unknown,Malay,4.535277,114.727669,Asia,2.7,5765.0,8000.0,14.9,673.0,1.85,72.1,0.37,13469422941.0,75.7,7664.0,99.03,-0.4,103.2,31.4,9.8,31.0,1.4120000000000001,6.0,1.61,433285.0,64.7,14.1,8.0,9.12,337711.0
25,Bulgaria,64.0,BG,Sofia,BGN,Sofia,Bulgarian,42.733883,25.48583,Europe,46.3,110879.0,31000.0,8.9,359.0,1.56,35.4,1.11,86000000000.0,74.9,41708.0,114.42,3.1,89.3,71.0,5.9,10.0,1.57,47.7,4.03,6975761.0,55.4,20.2,28.3,4.34,5256027.0
26,Burkina Faso,76.0,BF,Ouagadougou,XOF,Ouagadougou,French,12.238333,-1.561593,Africa,44.2,274200.0,11000.0,37.93,226.0,5.19,19.3,0.98,15745810235.0,61.2,3418.0,106.58,-3.2,96.1,6.5,49.0,320.0,0.34,36.1,0.08,20321378.0,66.4,15.0,41.3,6.26,6092349.0
27,Burundi,463.0,BI,Bujumbura,BIF,Bujumbura,Kirundi,-3.373056,29.918886,Africa,79.2,27830.0,31000.0,39.01,257.0,5.41,10.9,1.21,3012334882.0,61.2,495.0,182.11,-0.7,121.4,6.1,41.0,548.0,1.58,19.1,0.1,11530580.0,79.2,13.6,41.2,1.43,1541177.0
28,Ivory Coast,83.0,CI,Yamoussoukro,XOF,Abidjan,French,7.539989,-5.54708,Africa,64.8,322463.0,27000.0,35.74,225.0,4.65,32.7,0.93,58792205642.0,57.4,9674.0,111.61,-0.9,99.8,9.3,59.4,617.0,0.36,36.0,0.23,25716544.0,57.0,11.8,50.1,3.32,13176900.0
29,Cape Verde,138.0,CV,Praia,CVE,Praia,Portuguese,16.5388,-23.0418,Africa,19.6,4033.0,1000.0,19.49,238.0,2.27,22.5,1.02,1981845741.0,72.8,543.0,110.5,1.1,104.0,23.6,16.7,58.0,0.68,23.2,0.77,483628.0,60.5,20.1,37.5,12.25,364029.0
30,Cambodia,95.0,KH,Phnom Penh,Unknown,Phnom Penh,Khmer language,12.565679,104.990963,Asia,30.9,181035.0,191000.0,22.46,855.0,2.5,52.9,0.9,27089389787.0,69.6,9919.0,127.63,2.5,107.4,13.7,24.0,160.0,1.0459999999999998,59.4,0.17,16486542.0,82.3,17.1,23.1,0.68,3924621.0
31,Cameroon,56.0,CM,Yaound�,XAF,Douala,French,7.369722,12.354722,Africa,20.6,475440.0,24000.0,35.39,237.0,4.57,39.3,1.03,38760467033.0,58.9,8291.0,118.65,2.5,103.4,12.8,50.6,529.0,0.35,69.7,0.09,25876380.0,76.1,12.8,57.7,3.38,14741256.0
32,Canada,4.0,CA,Ottawa,CAD,Toronto,French,56.130366,-106.346771,North America,6.9,9984670.0,72000.0,10.1,1.0,1.5,38.2,0.81,1736425629520.0,81.9,544894.0,116.76,1.9,100.9,68.9,4.3,10.0,9.51,14.6,2.61,36991981.0,65.1,12.8,24.5,5.56,30628482.0
33,Central African Republic,8.0,CF,Bangui,Unknown,Bangui,French,6.611111,20.939444,Africa,8.2,622984.0,8000.0,35.35,236.0,4.72,35.6,1.41,2220307369.0,52.8,297.0,186.86,37.1,102.0,3.0,84.5,829.0,0.37,39.6,0.06,4745185.0,72.0,8.6,73.3,3.68,1982064.0
34,Chad,13.0,TD,N'Djamena,XAF,N'Djamena,French,15.454166,18.732207,Africa,39.7,1284000.0,35000.0,42.17,235.0,5.75,3.8,0.78,11314951343.0,54.0,1016.0,117.7,-1.0,86.8,3.3,71.4,1140.0,0.6,56.4,0.04,15946876.0,70.7,15.1,63.5,1.89,3712273.0
35,Chile,26.0,CL,Santiago,CLP,Santiago,Spanish,-35.675147,-71.542969,South America,21.2,756096.0,122000.0,12.43,56.0,1.65,24.3,1.03,282318159745.0,80.0,85822.0,131.91,2.6,101.4,88.5,6.2,13.0,2.0,32.2,2.59,18952038.0,62.6,18.2,34.0,7.09,16610135.0
36,China,153.0,CN,Beijing,CNY,Shanghai,Standard Chinese,35.86166,104.195397,Asia,56.2,9596960.0,2695000.0,10.9,86.0,1.69,22.4,0.96,19910000000000.0,77.0,9893038.0,125.08,2.9,100.2,50.6,7.4,29.0,0.87,32.4,1.98,1397715000.0,68.0,9.4,59.2,4.32,842933962.0
37,Colombia,46.0,CO,Bogot�,COP,Bogot�,Spanish,4.570868,-74.297333,South America,40.3,1138910.0,481000.0,14.88,57.0,1.81,52.7,0.68,323802808108.0,77.1,97814.0,140.95,3.5,114.5,55.3,12.2,83.0,1.23,18.3,2.18,50339443.0,68.8,14.4,71.2,9.71,40827302.0
38,Comoros,467.0,KM,"Moroni, Comoros",KMF,"Moroni, Comoros",French,-11.6455,43.3333,Africa,71.5,2235.0,47583.06765497178,31.88,269.0,4.21,19.7,1.0456130074526184,1185728677.0,64.1,202.0,103.62,-4.3,99.5,9.0,51.3,273.0,0.71,74.8,0.27,850886.0,43.3,19.1,219.6,4.34,248152.0
39,Republic of the Congo,16.0,Unknown,Brazzaville,XAF,Brazzaville,French,-0.228021,15.827659,Africa,31.1,342000.0,12000.0,32.86,242.0,4.43,65.4,0.97,10820591131.0,64.3,3282.0,124.74,2.2,106.6,12.7,36.2,378.0,0.88,43.8,0.12,5380508.0,69.4,9.0,54.3,9.47,3625010.0
40,Costa Rica,100.0,CR,San Jos������,CRC,San Jos������,Spanish,9.748917,-83.753428,North America,34.5,51100.0,10000.0,13.97,506.0,1.75,54.6,0.98,61773944174.0,80.1,8023.0,128.85,2.1,113.3,55.2,7.6,27.0,1.84,21.5,2.89,5047561.0,62.1,13.6,58.3,11.85,4041885.0
41,Croatia,73.0,HR,Zagreb,HRK,Zagreb,Croatian,45.1,15.2,Europe,27.6,56594.0,18000.0,9.0,385.0,1.47,34.4,1.26,60415553039.0,78.1,17488.0,109.82,0.8,96.5,67.9,4.0,8.0,2.92,15.2,3.0,4067500.0,51.2,22.0,20.5,6.93,2328318.0
42,Cuba,106.0,CU,Havana,CUP,Havana,Spanish,21.521757,-77.781167,North America,59.9,110860.0,76000.0,10.17,53.0,1.62,31.3,1.4,100023000000.0,78.7,28284.0,165.116,8.120000000000001,101.9,41.4,3.7,36.0,0.05,33.339999999999996,8.42,11333483.0,53.6,12.7,41.620000000000005,1.64,8739135.0
43,Cyprus,131.0,CY,Nicosia,EUR,Statos�������,Greek,35.126413,33.429859,Europe,12.2,9251.0,16000.0,10.46,357.0,1.33,18.7,1.23,24564647935.0,80.8,6626.0,102.51,0.3,99.3,75.9,1.9,6.0,0.994,43.9,1.95,1198575.0,63.1,24.5,22.4,7.27,800708.0
44,Czech Republic,139.0,CZ,Prague,CZK,Prague,Czech,49.817492,15.472962,Europe,45.2,78867.0,23000.0,10.7,420.0,1.69,34.6,1.17,246489245495.0,79.0,102218.0,116.48,2.8,100.7,64.1,2.7,3.0,3.0,14.8,4.12,10669709.0,60.6,14.9,46.1,1.93,7887156.0
45,Democratic Republic of the Congo,40.0,CD,Kinshasa,CDF,Kinshasa,French,-4.038333,21.758664,Africa,11.6,2344858.0,134000.0,41.18,243.0,5.92,67.2,1.49,47319624204.0,60.4,2021.0,133.85,2.9,108.0,6.6,68.2,473.0,0.18,37.4,0.07,86790567.0,63.5,10.7,50.7,4.24,39095679.0
46,Denmark,137.0,DK,Copenhagen,DKK,Copenhagen,Danish,56.26392,9.501785,Europe,62.0,43094.0,15000.0,10.6,45.0,1.73,14.7,1.55,348078018464.0,81.0,31786.0,110.35,0.8,101.3,80.6,3.6,4.0,2.952,13.7,4.01,5818553.0,62.2,32.4,23.8,4.91,5119978.0
47,Djibouti,43.0,DJ,Djibouti City,DJF,Djibouti City,French,11.825138,42.590275,Africa,73.4,23200.0,13000.0,21.47,253.0,2.73,0.2,1.32,3318716359.0,66.6,620.0,120.25,3.3,75.3,5.3,49.8,248.0,1.6199999999999999,20.4,0.22,973560.0,60.2,17.240000000000002,37.9,10.3,758549.0
48,Dominica,96.0,DM,Roseau,XCD,Roseau,English,15.414999,-61.370976,North America,33.3,751.0,45875.6266221042,12.0,1.0,1.9,57.4,1.1261167300669057,596033333.0,76.6,180.0,103.87,1.0,114.7,7.2,32.9,76.2,1.48,28.4,1.08,71808.0,59.42,22.1,32.6,9.224,50830.0
49,Dominican Republic,225.0,DO,Santo Domingo,DOP,Santo Domingo,Spanish,18.735693,-70.162651,North America,48.7,48670.0,71000.0,19.51,1.0,2.35,41.7,1.07,88941298258.0,73.9,25258.0,135.5,1.8,105.7,59.9,24.1,95.0,0.4,43.7,1.56,10738958.0,64.3,13.0,48.8,5.84,8787475.0
50,Ecuador,71.0,EC,Quito,USD,Quito,Spanish,-1.831239,-78.183406,South America,22.2,283561.0,41000.0,19.72,593.0,2.43,50.2,0.61,107435665000.0,76.8,41155.0,124.14,0.3,103.3,44.9,12.2,59.0,2.46,43.7,2.04,17373662.0,68.0,14.48,34.4,3.97,11116711.0
51,Egypt,103.0,EG,Cairo,EGP,Cairo,Modern Standard Arabic,26.820553,30.802498,Africa,3.8,1001450.0,836000.0,26.38,20.0,3.33,0.1,0.4,303175127598.0,71.8,238560.0,288.57,9.2,106.3,35.2,18.1,37.0,1.032,62.0,0.45,100388073.0,46.4,12.5,44.4,10.76,42895824.0
52,El Salvador,313.0,SV,San Salvador,Unknown,San Salvador,Spanish,13.794185,-88.89653,North America,76.4,21041.0,42000.0,18.25,503.0,2.04,12.6,0.83,27022640000.0,73.1,7169.0,111.23,0.1,94.8,29.4,11.8,46.0,0.5,27.9,1.57,6453553.0,59.1,18.1,36.4,4.11,4694702.0
53,Equatorial Guinea,50.0,GQ,Malabo,XAF,Malabo,Spanish,1.650801,10.267895,Africa,10.1,28051.0,1000.0,33.24,240.0,4.51,55.5,1.0448275089721752,11026774945.0,58.4,5655.0,124.35,1.2,61.8,1.9,62.6,301.0,1.05,72.0,0.4,1355986.0,62.0,6.1,79.4,6.43,984812.0
54,Eritrea,35.0,ER,Asmara,ERN,Asmara,Tigrinya,15.179384,39.782334,Africa,75.2,117600.0,202000.0,30.3,291.0,4.06,14.9,2.0,2065001626.0,65.9,711.0,137.18,9.260000000000002,68.4,3.4,31.3,480.0,1.174,52.4,0.06,6333135.0,78.4,16.520000000000003,83.7,5.14,1149670.0
55,Estonia,31.0,EE,Tallinn,EUR,Tallinn,Estonian,58.595272,25.013607,Europe,23.1,45228.0,6000.0,10.9,372.0,1.59,51.3,1.14,31386949981.0,78.2,16590.0,122.14,2.3,97.2,69.6,2.1,9.0,3.14,22.8,4.48,1331824.0,63.6,20.9,47.8,5.11,916024.0
56,Eswatini,67.0,Unknown,Mbabane,Unknown,Mbabane,English,-26.522503,31.465866,Africa,38.894790438307005,17364.0,47959.943804919785,21.99738516947817,268.0,2.9152730701681886,41.445576910602085,1.0866067593345372,3791304348.0,71.52165665856111,1260.8,197.678,13.160000000000002,100.22,8.68,34.599999999999994,463.6,1.752,11.3,1.1179999999999999,1093238.0,60.339999999999996,28.6,34.660000000000004,7.344000000000001,947791.6
57,Ethiopia,115.0,ET,Addis Ababa,ETB,Addis Ababa,Amharic,9.145,40.489673,Africa,36.3,1104300.0,138000.0,32.34,251.0,4.25,12.5,0.75,96107662398.0,66.2,14870.0,143.86,15.8,101.0,8.1,39.1,401.0,0.9039999999999999,37.8,0.08,112078730.0,79.6,7.5,37.7,2.08,23788710.0
58,Fiji,49.0,FJ,Suva,FJD,Suva,Fiji Hindi,-17.713371,178.065032,Oceania,23.3,18274.0,4000.0,21.28,679.0,2.77,55.9,0.82,5535548972.0,67.3,2046.0,132.3,1.8,106.4,16.1,21.6,34.0,1.28,21.4,0.84,889953.0,57.6,24.2,32.1,4.1,505048.0
59,Finland,18.0,FI,Helsinki,EUR,Helsinki,Swedish,61.92411,25.748151,Europe,7.5,338145.0,25000.0,8.6,358.0,1.41,73.1,1.45,268761201365.0,81.7,45871.0,112.33,1.0,100.2,88.2,1.4,3.0,2.352,19.9,3.81,5520314.0,59.1,20.8,36.6,6.59,4716888.0
60,France,119.0,FR,Paris,EUR,Paris,French,46.227638,2.213749,Europe,52.4,643801.0,307000.0,11.3,33.0,1.88,31.2,1.39,2715518274227.0,82.5,303276.0,110.05,1.1,102.5,65.6,3.4,8.0,11.16,6.8,3.27,67059887.0,55.1,24.2,60.7,8.43,54123364.0
61,Gabon,9.0,GA,Libreville,XAF,Libreville,French,-0.803689,11.609444,Africa,20.0,267667.0,7000.0,31.61,241.0,3.97,90.0,0.92,16657960228.0,66.2,5321.0,122.19,2.1,139.9,8.3,32.7,252.0,1.46,25.9,0.68,2172579.0,52.9,10.2,47.1,20.0,1949694.0
62,The Gambia,239.0,GM,Banjul,GMD,Serekunda,English,13.443182,-15.310139,Africa,59.8,11300.0,1000.0,38.54,220.0,5.22,48.4,1.18,1763819048.0,61.7,532.0,172.73,7.1,98.0,2.7,39.0,597.0,0.13,20.3,0.1,2347706.0,59.4,9.4,48.4,9.06,1453958.0
63,Georgia,57.0,GE,Tbilisi,GEL,Tbilisi,Georgian,42.315407,43.356892,Asia,34.5,69700.0,26000.0,13.47,995.0,2.06,40.6,0.76,17743195770.0,73.6,10128.0,133.61,4.9,98.6,63.9,8.7,25.0,0.05,57.3,7.12,3720382.0,68.3,21.7,9.9,14.4,2196476.0
64,Germany,240.0,DE,Berlin,EUR,Berlin,German,51.165691,10.451526,Europe,47.7,357022.0,180000.0,9.5,49.0,1.56,32.7,1.39,3845630030824.0,80.9,727973.0,112.85,1.4,104.0,70.2,3.1,7.0,9.99,12.5,4.25,83132799.0,60.8,11.5,48.8,3.04,64324835.0
65,Ghana,137.0,GH,Accra,GHS,Accra,English,7.946527,-1.023194,Africa,69.0,238533.0,16000.0,29.41,233.0,3.87,41.2,0.92,66983634224.0,63.8,16670.0,268.36,7.2,104.8,15.7,34.9,308.0,0.27,36.1,0.14,30792608.0,67.8,12.6,55.4,4.33,17249054.0
66,Greece,81.0,GR,Athens,EUR,Macedonia,Greek,39.074208,21.824312,Europe,47.6,131957.0,146000.0,8.1,30.0,1.35,31.7,1.54,209852761469.0,81.3,62434.0,101.87,0.2,99.6,136.6,3.6,3.0,4.46,35.5,5.48,10716322.0,51.8,26.2,51.9,17.24,8507474.0
67,Grenada,331.0,GD,"St. George's, Grenada",XCD,"St. George's, Grenada",English,12.1165,-61.679,North America,23.5,349.0,45976.68244233445,16.47,1.0,2.06,50.0,1.12,1228170370.0,72.4,268.0,107.43,0.8,106.9,104.6,13.7,25.0,1.232,57.0,1.41,112003.0,62.54,19.4,47.8,4.0280000000000005,40765.0
68,Guatemala,167.0,GT,Guatemala City,GTQ,Guatemala City,Spanish,15.783471,-90.230759,North America,36.0,108889.0,43000.0,24.56,502.0,2.87,32.7,0.79,76710385880.0,74.1,16777.0,142.92,3.7,101.9,21.8,22.1,95.0,1.6,55.8,0.35,16604026.0,62.3,10.6,35.2,2.46,8540945.0
69,Guinea,53.0,GN,Conakry,GNF,Kankan,French,9.945587,-9.696645,Africa,59.0,245857.0,13000.0,36.36,224.0,4.7,25.8,0.9,13590281809.0,61.2,2996.0,262.95,9.5,91.5,11.6,64.9,576.0,0.438,54.5,0.08,12771246.0,61.5,10.8,69.3,4.3,4661505.0
70,Guinea-Bissau,70.0,GW,Bissau,XOF,Bissau,Portuguese,11.803749,-15.180413,Africa,58.0,36125.0,4000.0,35.13,245.0,4.48,69.8,1.0316706870388814,1340389411.0,58.0,293.0,111.65,1.4,118.7,2.6,54.0,667.0,0.16,37.2,0.13,1920922.0,72.0,10.3,45.5,2.47,840922.0
71,Guyana,4.0,GY,"Georgetown, Guyana",GYD,"Georgetown, Guyana",English,4.860416,-58.93018,South America,8.6,214969.0,3000.0,19.97,592.0,2.46,83.9,0.9,4280443645.0,69.8,2384.0,116.19,2.1,97.8,11.6,25.1,169.0,0.98,40.5,0.8,782766.0,56.2,16.84,30.6,11.85,208912.0
72,Haiti,414.0,HT,Port-au-Prince,HTG,Port-au-Prince,French,18.971187,-72.285215,North America,66.8,27750.0,0.0,24.35,509.0,2.94,3.5,0.81,8498981821.0,63.7,2978.0,179.29,12.5,113.6,1.1,49.5,480.0,0.25,36.3,0.23,11263077.0,67.2,13.680000000000001,42.7,13.78,6328948.0
73,Vatican City,2003.0,Unknown,Vatican City,EUR,Unknown,Italian,41.902916,12.453389,Europe,38.848473634067275,0.0,45073.68061002779,17.992314116510173,379.0,2.450367485994203,30.279247009902527,1.0503023756232703,95251235292.2621,74.46872202449958,133.4,110.21,0.7,104.02000000000001,48.64,10.260000000000002,48.0,4.306,20.7,3.4579999999999997,836.0,58.86,19.560000000000002,50.00000000000001,12.488,19850.0
74,Honduras,89.0,HN,Tegucigalpa,HNL,Tegucigalpa,Spanish,15.199999,-86.241905,North America,28.9,112090.0,23000.0,21.6,504.0,2.46,40.0,0.98,25095395475.0,75.1,9813.0,150.34,4.4,91.5,26.2,15.1,65.0,1.01,49.1,0.31,9746117.0,68.8,17.3,39.1,5.39,5626433.0
75,Hungary,107.0,HU,Budapest,HUF,Budapest,Hungarian,47.162494,19.503304,Europe,58.4,93028.0,40000.0,9.6,36.0,1.54,22.9,1.18,160967157504.0,75.8,45537.0,121.64,3.3,100.8,48.5,3.6,12.0,2.62,29.0,3.41,9769949.0,56.5,23.0,37.9,3.4,6999582.0
76,Iceland,3.0,IS,Reykjav��,ISK,Reykjav��,Icelandic,64.963051,-19.020835,Europe,18.7,103000.0,0.0,12.0,354.0,1.71,0.5,1.69,24188035739.0,82.7,2065.0,129.0,3.0,100.4,71.8,1.5,4.0,0.994,17.0,4.08,361313.0,75.0,23.3,31.9,2.84,339110.0
77,India,464.0,IN,New Delhi,INR,Kurebhar,Hindi,20.593684,78.96288,Asia,60.4,3287263.0,3031000.0,17.86,91.0,2.22,23.8,0.97,2611000000000.0,69.4,2407672.0,180.44,7.7,113.0,28.1,29.9,145.0,0.3,65.1,0.86,1366417754.0,49.3,11.2,49.7,5.36,471031528.0
78,Indonesia,151.0,ID,Jakarta,IDR,Kalimantan,Indonesian,-0.789275,113.921327,Asia,31.5,1904569.0,676000.0,18.07,62.0,2.31,49.9,0.63,1119190780753.0,71.5,563325.0,151.18,3.0,106.4,36.3,21.1,177.0,0.48,48.3,0.43,270203917.0,67.5,10.2,30.1,4.69,151509724.0
79,Iran,52.0,IR,Tehran,IRR,Tehran,Persian,32.427908,53.688046,Asia,28.2,1648195.0,563000.0,18.78,98.0,2.14,6.6,0.4,445345282123.0,76.5,661710.0,550.93,39.9,110.7,68.1,12.4,16.0,1.58,39.7,1.58,82913906.0,44.7,7.4,44.7,11.38,62509623.0
80,Iraq,93.0,IQ,Baghdad,IQD,Baghdad,Arabic,33.223191,43.679291,Asia,21.4,438317.0,209000.0,29.08,964.0,3.67,1.9,0.61,234094042939.0,70.5,190061.0,119.86,0.4,108.7,16.2,22.5,79.0,1.24,76.5,0.71,39309783.0,43.0,2.0,30.8,12.82,27783368.0
81,Republic of Ireland,72.0,Unknown,Dublin,EUR,Connacht,Irish,53.41291,-8.24389,Europe,64.5,70273.0,9000.0,12.5,353.0,1.75,11.0,1.37,388698711348.0,82.3,37711.0,106.58,0.9,100.9,77.8,3.1,5.0,10.79,15.2,3.31,5007069.0,62.1,18.3,26.1,4.93,3133123.0
82,Israel,400.0,IL,Jerusalem,ILS,Jerusalem,Hebrew,31.046051,34.851612,Asia,24.6,20770.0,178000.0,20.8,972.0,3.09,7.7,1.57,395098666122.0,82.8,65166.0,108.15,0.8,104.9,63.4,3.0,3.0,7.58,24.4,4.62,9053300.0,64.0,23.1,25.3,3.86,8374393.0
83,Italy,206.0,IT,Rome,EUR,Rome,Italian,41.87194,12.56738,Europe,43.2,301340.0,347000.0,7.3,39.0,1.29,31.8,1.61,2001244392042.0,82.9,320411.0,110.62,0.6,101.9,61.9,2.6,2.0,4.732000000000001,22.8,3.98,60297396.0,49.6,24.3,59.1,9.89,42651966.0
84,Jamaica,273.0,JM,"Kingston, Jamaica",JMD,"Kingston, Jamaica",Jamaican English,18.109581,-77.297508,North America,41.0,10991.0,4000.0,16.1,1876.0,1.98,30.9,1.11,16458071068.0,74.4,8225.0,162.47,3.9,91.0,27.1,12.4,80.0,1.33,23.7,1.31,2948279.0,66.0,26.8,35.1,8.0,1650594.0
85,Japan,347.0,JP,Tokyo,Unknown,Tokyo,Unknown,36.204824,138.252924,Asia,12.3,377944.0,261000.0,7.4,81.0,1.42,68.5,1.06,5081769542380.0,84.2,1135886.0,105.48,0.5,98.8,63.2,1.8,5.0,6.77,13.1,2.41,126226568.0,61.7,11.9,46.7,2.29,115782416.0
86,Jordan,115.0,JO,Amman,JOD,Amman,Arabic,30.585164,36.238414,Asia,12.0,89342.0,116000.0,21.98,962.0,2.76,1.1,1.1,43743661972.0,74.4,25108.0,125.6,0.8,81.5,34.4,13.9,46.0,1.49,25.1,2.32,10101694.0,39.3,15.1,28.6,14.72,9213048.0
87,Kazakhstan,7.0,KZ,Astana,KZT,Almaty,Russian,48.019573,66.923684,Asia,80.4,2724900.0,71000.0,21.77,7.0,2.84,1.2,0.42,180161741180.0,73.2,247207.0,182.75,5.2,104.4,61.7,8.8,10.0,0.41,38.8,3.25,18513930.0,68.8,11.7,28.4,4.59,10652915.0
88,Kenya,94.0,KE,Nairobi,KES,Nairobi,Swahili,-0.023559,37.906193,Africa,48.5,580367.0,29000.0,28.75,254.0,3.49,7.8,0.95,95503088538.0,66.3,17910.0,180.51,4.7,103.2,11.5,30.6,342.0,0.25,33.4,0.16,52573973.0,74.7,15.1,37.2,2.64,14461523.0
89,Kiribati,147.0,KI,South Tarawa,AUD,South Tarawa,English,1.8368976,-157.3768317,Oceania,42.0,811.0,45967.4405995973,27.89,686.0,3.57,15.0,0.9348867616170433,194647202.0,68.1,66.0,99.55,0.6,101.3,22.46,41.2,92.0,1.684,0.2,0.2,117606.0,59.42,22.0,32.7,9.224,64489.0
90,Kuwait,240.0,KW,Kuwait City,KWD,Kuwait City,Modern Standard Arabic,29.31166,47.481766,Asia,8.4,17818.0,25000.0,13.94,965.0,2.08,0.4,0.35,134761198946.0,75.4,98734.0,126.6,1.1,92.4,54.4,6.7,12.0,0.95,14.4,2.58,4207083.0,73.5,1.4,13.0,2.18,4207083.0
91,Kyrgyzstan,34.0,KG,Bishkek,KGS,Bishkek,Russian,41.20438,74.766098,Asia,55.0,199951.0,21000.0,27.1,996.0,3.3,3.3,0.56,8454619608.0,71.4,9787.0,155.68,1.1,107.6,41.3,16.9,60.0,0.09,48.2,1.88,6456900.0,59.8,18.0,29.0,6.33,2362644.0
92,Laos,32.0,LA,Vientiane,LAK,Vientiane,Lao,19.85627,102.495496,Asia,10.3,236800.0,129000.0,23.55,856.0,2.67,82.1,0.93,18173839128.0,67.6,17763.0,135.87,3.3,102.4,15.0,37.6,185.0,0.83,45.4,0.37,7169455.0,78.5,12.9,24.1,0.63,2555552.0
93,Latvia,30.0,LV,Riga,EUR,Riga,Latvian,56.879635,24.603189,Europe,31.1,64589.0,6000.0,10.0,371.0,1.6,54.0,1.16,34117202555.0,74.7,7004.0,116.86,2.8,99.4,88.1,3.3,19.0,2.8,41.6,3.19,1912789.0,61.4,22.9,38.1,6.52,1304943.0
94,Lebanon,667.0,LB,Beirut,LBP,"Tripoli, Lebanon",Arabic,33.854721,35.862285,Asia,64.3,10400.0,80000.0,17.55,961.0,2.09,13.4,0.74,53367042272.0,78.9,24796.0,130.02,3.0,95.1,26.3,6.4,29.0,2.15,32.1,2.1,6855713.0,47.0,15.3,32.2,6.23,6084994.0
95,Lesotho,71.0,LS,Maseru,Unknown,Maseru,English,-29.609988,28.233608,Africa,77.6,30355.0,2000.0,26.81,266.0,3.14,1.6,0.7,2460072444.0,53.7,2512.0,155.86,5.2,120.9,10.2,65.7,544.0,0.41,16.9,0.07,2125268.0,67.9,31.6,13.6,23.41,607508.0
96,Liberia,53.0,LR,Monrovia,Unknown,Monrovia,English,6.428055,-9.429499,Africa,28.0,111369.0,2000.0,33.04,231.0,4.32,43.1,0.8,3070518100.0,63.7,1386.0,223.13,23.6,85.1,11.9,53.5,661.0,0.17,19.6,0.04,4937374.0,76.3,12.9,46.2,2.81,2548426.0
97,Libya,4.0,LY,Unknown,LYD,Unknown,Arabic,26.3351,17.228331,Africa,8.7,1759540.0,0.0,18.83,218.0,2.24,0.1,0.11,52076250948.0,72.7,50564.0,125.71,2.6,109.0,60.5,10.2,72.0,1.88,36.7,2.09,6777452.0,49.7,17.9,32.6,18.56,5448597.0
98,Liechtenstein,238.0,LI,Vaduz,CHF,Schaan,German,47.1410392,9.520935,Europe,32.2,160.0,45903.118432734205,9.9,423.0,1.44,43.1,1.74,6552858739.0,83.0,51.0,119.328,1.52,104.7,35.6,17.08,251.0,3.02,24.779999999999998,2.9819999999999998,38019.0,61.06,21.08,21.6,7.3420000000000005,5464.0
99,Lithuania,43.0,LT,Vilnius,EUR,Vilnius,Lithuanian,55.169438,23.881275,Europe,47.2,65300.0,34000.0,10.0,370.0,1.63,34.8,1.16,54219315600.0,75.7,12963.0,118.38,2.3,103.9,72.4,3.3,8.0,2.41,32.1,6.35,2786844.0,61.6,16.9,42.6,6.35,1891013.0
100,Luxembourg,242.0,LU,Luxembourg City,EUR,Luxembourg City,Luxembourgish,49.815273,6.129583,Europe,53.7,2586.0,2000.0,10.3,352.0,1.37,35.7,1.19,71104919108.0,82.1,8988.0,115.09,1.7,102.3,19.2,1.9,5.0,13.05,10.6,3.01,645397.0,59.3,26.5,20.4,5.36,565488.0
101,Madagascar,48.0,MG,Antananarivo,MGA,Antananarivo,French,-18.766947,46.869107,Africa,71.2,587041.0,22000.0,32.66,261.0,4.08,21.4,1.11,14083906357.0,66.7,3905.0,184.33,5.6,142.5,5.4,38.2,335.0,0.21,21.7,0.18,26969307.0,86.1,10.2,38.3,1.76,10210849.0
102,Malawi,203.0,MW,Lilongwe,MWK,Lilongwe,English,-13.254308,34.301525,Africa,61.4,118484.0,15000.0,34.12,265.0,4.21,33.2,1.15,7666704427.0,63.8,1298.0,418.34,9.4,142.5,0.8,35.3,349.0,0.12,11.0,0.04,18628747.0,76.7,17.3,34.5,5.65,3199301.0
103,Malaysia,99.0,MY,Kuala Lumpur,MYR,Johor Bahru,Malaysian language,4.210484,101.975766,Asia,26.3,329847.0,136000.0,16.75,60.0,2.0,67.6,0.45,364701517788.0,76.0,248289.0,121.46,0.7,105.3,45.1,6.7,29.0,0.93,36.7,1.51,32447385.0,64.3,12.0,38.7,3.32,24475766.0
104,Maldives,1802.0,MV,Mal�,Unknown,Mal�,Divehi,3.202778,73.22068,Asia,26.3,298.0,5000.0,14.2,960.0,1.87,3.3,1.63,5729248472.0,78.6,1445.0,99.7,0.2,97.1,31.2,7.4,53.0,1.392,16.4,4.56,530953.0,69.8,19.5,30.2,6.14,213645.0
105,Mali,17.0,ML,Bamako,XOF,Bamako,French,17.570692,-3.996166,Africa,33.8,1240192.0,18000.0,41.54,223.0,5.88,3.8,1.12,17510141171.0,58.9,3179.0,108.73,-1.7,75.6,4.5,62.0,562.0,0.23,46.3,0.13,19658031.0,70.8,11.6,54.5,7.22,8479688.0
106,Malta,1380.0,MT,Valletta,EUR,Birkirkara,Maltese,35.937496,14.375416,Europe,32.4,316.0,2000.0,9.2,356.0,1.23,1.1,1.36,14786156563.0,82.3,1342.0,113.45,1.6,105.0,54.3,6.1,6.0,5.07,37.1,2.86,502653.0,56.5,26.2,44.0,3.47,475902.0
107,Marshall Islands,329.0,MH,Majuro,USD,Majuro,Marshallese,7.131474,171.184478,Oceania,63.9,181.0,45825.487943034925,29.03,692.0,4.05,70.2,1.44,221278000.0,65.2,143.0,127.2,3.5400000000000005,84.7,23.7,27.4,86.0,2.0,10.0,0.42,58791.0,59.42,17.8,65.9,9.224,45514.0
108,Mauritania,5.0,MR,Nouakchott,MRU,Nouakchott,Arabic,21.00789,-10.940835,Africa,38.5,1030700.0,21000.0,33.69,222.0,4.56,0.2,1.13,7593752450.0,64.7,2739.0,135.02,2.3,99.9,5.0,51.5,766.0,0.53,48.2,0.19,4525696.0,45.9,17.759999999999998,67.0,9.55,2466821.0
109,Mauritius,626.0,MU,Port Louis,MUR,Port Louis,French,-20.348404,57.552152,Africa,42.4,2040.0,3000.0,10.2,230.0,1.41,19.0,1.12,14180444557.0,74.4,4349.0,129.91,0.4,101.1,40.6,13.6,61.0,0.38,50.7,2.53,1265711.0,58.3,19.1,22.2,6.67,515980.0
110,Mexico,66.0,MX,Mexico City,MXN,Mexico City,Unknown,23.634501,-102.552784,North America,54.6,1964375.0,336000.0,17.6,52.0,2.13,33.9,0.73,1258286717125.0,75.0,486406.0,141.54,3.6,105.8,40.2,11.0,33.0,0.49,41.4,2.38,126014024.0,60.7,13.1,55.1,3.42,102626859.0
111,Federated States of Micronesia,784.0,FM,Palikir,USD,Palikir,English,7.425554,150.550812,Oceania,31.4,702.0,45999.021310212825,22.82,691.0,3.05,91.9,1.0080815621376404,401932279.0,67.8,143.0,112.1,0.5,97.2,14.1,25.6,88.0,1.684,2.5,0.18,113815.0,59.42,25.2,60.5,9.224,25963.0
112,Moldova,123.0,MD,Chi����,MDL,Chi����,Romanian,47.411631,28.369885,Europe,74.2,33851.0,7000.0,10.1,373.0,1.26,12.6,0.8,11955435457.0,71.8,5115.0,166.2,4.8,90.6,39.8,13.6,19.0,0.31,46.2,3.21,2657637.0,43.1,17.7,38.7,5.47,1135502.0
113,Monaco,26337.0,MC,Monaco City,EUR,Monaco City,French,43.7384176,7.4246158,Europe,38.86405974556036,2.0,46061.592203570035,5.9,377.0,1.1460689097981223,33.478491941799206,2.0,7184844193.0,81.69046464629585,3837.0,207.38000000000002,6.26,111.12,22.8,2.6,334.4,11.72,6.1,6.56,38964.0,58.31999999999999,17.759999999999998,43.879999999999995,9.266,38964.0
114,Mongolia,2.0,MN,Ulaanbaatar,MNT,Ulaanbaatar,Mongolian,46.862496,103.846656,Asia,71.5,1564116.0,18000.0,24.13,976.0,2.9,8.0,0.72,13852850259.0,69.7,25368.0,195.76,7.3,104.0,65.6,14.0,45.0,0.65,39.3,2.86,3225167.0,59.7,16.8,25.7,6.01,2210626.0
115,Montenegro,47.0,ME,Podgorica,EUR,Podgorica,Montenegrin language,42.708678,19.37439,Europe,19.0,13812.0,12000.0,11.73,382.0,1.75,61.5,1.16,5494736901.0,76.8,2017.0,116.32,2.6,100.0,56.1,2.3,6.0,1.23,31.8,2.76,622137.0,54.4,17.619999999999997,22.2,14.88,417765.0
116,Morocco,83.0,MA,Rabat,MAD,Casablanca,Arabic,31.791702,-7.09262,Africa,68.5,446550.0,246000.0,18.94,212.0,2.42,12.6,0.99,118725279596.0,76.5,61276.0,111.07,0.2,113.9,35.9,19.2,70.0,1.6,53.1,0.73,36910560.0,45.3,21.9,45.8,9.02,22975026.0
117,Mozambique,40.0,MZ,Maputo,MZN,Maputo,Portuguese,-18.665695,35.529562,Africa,63.5,799380.0,11000.0,37.52,258.0,4.85,48.0,0.65,14934159926.0,60.2,7943.0,182.31,2.8,112.6,7.3,54.0,289.0,0.27,6.8,0.08,30366036.0,78.1,0.0,36.1,3.24,11092106.0
118,Myanmar,83.0,MM,Naypyidaw,MMK,Yangon,Burmese,21.916221,95.955974,Asia,19.5,676578.0,513000.0,17.55,95.0,2.15,43.6,0.54,76085852617.0,66.9,25280.0,168.18,8.8,112.3,18.8,36.8,250.0,0.39,73.9,0.68,54045420.0,61.7,5.4,31.2,1.58,16674093.0
119,Namibia,3.0,Unknown,Windhoek,Unknown,Windhoek,English,-22.95764,18.49041,Africa,47.1,824292.0,16000.0,28.64,264.0,3.4,8.3,0.76,12366527719.0,63.4,4228.0,157.97,3.7,124.2,22.9,29.0,195.0,1.398,8.3,0.42,2494530.0,59.5,27.1,20.7,20.27,1273258.0
120,Nauru,541.0,NR,Yaren District,AUD,Unknown,English,-0.522778,166.931503,Oceania,38.879114106484046,21.0,45262.86315070588,23.027862783570917,674.0,2.9716961128638992,35.386108283374426,0.9589532080738099,133000000.0,69.72719021205046,117.4,127.2,3.5400000000000005,96.36,22.46,26.28,86.0,1.684,7.040000000000001,0.58,10084.0,59.42,21.72,52.64,9.224,31563.8
121,Nepal,203.0,NP,Kathmandu,NPR,Kathmandu,Nepali,28.394857,84.124008,Asia,28.7,147181.0,112000.0,19.89,977.0,1.92,25.4,0.91,30641380604.0,70.5,9105.0,188.73,5.6,142.1,12.4,26.7,186.0,0.36,60.4,0.75,28608710.0,83.8,20.7,41.8,1.41,5765513.0
122,Netherlands,508.0,NL,Amsterdam,Unknown,Amsterdam,Dutch,52.132633,5.291266,Europe,53.3,41543.0,41000.0,9.7,31.0,1.59,11.2,1.68,909070395161.0,81.8,170780.0,115.91,2.6,104.2,85.0,3.3,5.0,10.29,12.3,3.61,17332850.0,63.6,23.0,41.2,3.2,15924729.0
123,New Zealand,18.0,NZ,Wellington,NZD,Auckland,English,-40.900557,174.885971,Oceania,40.5,268838.0,9000.0,11.98,64.0,1.71,38.6,1.4,206928765544.0,81.9,34382.0,114.24,1.6,100.0,82.0,4.7,9.0,11.49,12.6,3.59,4841000.0,69.9,29.0,34.6,4.07,4258860.0
124,Nicaragua,55.0,NI,Managua,NIO,Managua,Spanish,12.865416,-85.207229,North America,42.1,130370.0,12000.0,20.64,505.0,2.4,25.9,0.91,12520915291.0,74.3,5592.0,162.74,5.4,120.6,17.4,15.7,98.0,0.54,36.0,0.98,6545502.0,66.4,15.6,60.6,6.84,3846137.0
125,Niger,19.0,NE,Niamey,XOF,Niamey,French,17.607789,8.081666,Africa,36.1,1267000.0,10000.0,46.08,227.0,6.91,0.9,0.88,12928145120.0,62.0,2017.0,109.32,-2.5,74.7,4.4,48.0,509.0,0.29,52.3,0.04,23310715.0,72.0,11.8,47.2,0.47,3850231.0
126,Nigeria,226.0,NG,Abuja,NGN,Lagos,English,9.081999,8.675277,Africa,77.7,923768.0,215000.0,37.91,234.0,5.39,7.2,0.46,448120428859.0,54.3,120369.0,267.51,11.4,84.7,10.2,75.7,917.0,0.54,72.2,0.38,200963599.0,52.9,1.5,34.8,8.1,102806948.0
127,North Korea,214.0,KP,Pyongyang,KPW,Pyongyang,Korean,40.339852,127.510093,Asia,21.8,120538.0,1469000.0,13.89,850.0,1.9,40.7,0.58,32100000000.0,72.1,28284.0,145.846,3.22,112.8,27.0,13.7,89.0,1.3619999999999999,44.940000000000005,3.67,25666161.0,80.4,18.660000000000004,36.89999999999999,2.74,15947412.0
128,North Macedonia,83.0,Unknown,Skopje,MKD,Skopje,Macedonian,41.608635,21.745275,Europe,38.908300580911394,25713.0,49702.268192235,18.268003927604592,389.0,2.4690226854305655,29.82633184404371,1.0415638098251554,10220781069.0,74.03956012170673,2809.2,139.434,3.66,100.35999999999999,5.140000000000001,49.34,509.4,0.6180000000000001,35.6,0.184,1836713.0,70.6,13.02,54.620000000000005,6.5200000000000005,3367429.4
129,Norway,15.0,NO,Oslo,NOK,Oslo,Norwegian,60.472024,8.468946,Europe,2.7,323802.0,23000.0,10.4,47.0,1.56,33.2,1.78,403336363636.0,82.8,41023.0,120.27,2.2,100.3,82.0,2.1,2.0,4.4,14.3,2.92,5347896.0,63.8,23.9,36.2,3.35,4418218.0
130,Oman,16.0,OM,Muscat,OMR,Seeb,Arabic,21.4735329,55.975413,Asia,4.6,309500.0,47000.0,19.19,968.0,2.89,0.0,0.45,76983094928.0,77.6,63457.0,113.53,0.1,103.4,38.0,9.8,19.0,4.33,6.4,2.0,5266535.0,72.4,2.5,27.4,2.67,4250777.0
131,Pakistan,287.0,PK,Islamabad,PKR,Karachi,Urdu,30.375321,69.345116,Asia,47.8,796095.0,936000.0,28.25,92.0,3.51,1.9,0.79,304400000000.0,67.1,201150.0,182.32,10.6,94.3,9.0,57.2,140.0,0.69,66.5,0.98,216565318.0,52.6,9.2,33.9,4.45,79927762.0
132,Palau,39.0,PW,Ngerulmud,USD,Koror,English,7.51498,134.58252,Oceania,10.9,459.0,45772.606110944376,14.0,680.0,2.21,87.6,1.015947796863034,283994900.0,69.1,224.0,118.17,1.3,112.6,54.7,16.6,86.0,3.0,21.8,1.18,18233.0,59.42,21.3,76.6,9.224,14491.0
133,Palestinian National Authority,847.0,Unknown,Unknown,Unknown,Unknown,Arabic,31.952162,35.233154,Asia,39.098970935741114,689624.1192311876,145885.4132838454,19.144062890672554,360.5464987413468,2.577445650837557,31.179844583033777,1.0164705478397464,475326211440.6523,73.30286817557719,16187.6,158.706,4.500000000000001,120.67999999999999,31.3,30.24,180.8,0.8220000000000001,32.4,1.1039999999999999,24071139.2,67.32000000000001,18.360000000000003,32.879999999999995,4.723999999999999,7812766.0
134,Panama,58.0,PA,Panama City,Unknown,Panama City,Spanish,8.537981,-80.782127,North America,30.4,75420.0,26000.0,18.98,507.0,2.46,61.9,0.74,66800800000.0,78.3,10715.0,122.07,-0.4,94.4,47.8,13.1,52.0,1.53,30.5,1.57,4246439.0,66.6,15.779999999999998,37.2,3.9,2890084.0
135,Papua New Guinea,20.0,PG,Port Moresby,PGK,Port Moresby,Tok Pisin,-6.314993,143.95555,Oceania,2.6,462840.0,4000.0,27.07,675.0,3.56,74.1,1.36,24969611435.0,64.3,7536.0,155.99,3.6,108.5,1.8,38.0,145.0,1.16,5.8,0.07,8776109.0,47.2,13.6,37.1,2.46,1162834.0
136,Paraguay,18.0,PY,Asunci��,PYG,Ciudad del Este,Spanish,-23.442503,-58.443832,South America,55.1,406752.0,27000.0,20.57,595.0,2.43,37.7,1.04,38145288940.0,74.1,7407.0,143.82,2.8,104.4,34.6,17.2,129.0,1.55,36.5,1.35,7044636.0,72.1,10.0,35.0,4.81,4359150.0
137,Peru,26.0,PE,Lima,PEN,Lima,Spanish,-9.189967,-75.015152,South America,18.5,1285216.0,158000.0,17.95,51.0,2.25,57.7,0.99,226848050820.0,76.5,57414.0,129.78,2.1,106.9,70.7,11.1,88.0,1.28,30.9,1.27,32510453.0,77.6,14.3,36.8,3.31,25390339.0
138,Philippines,368.0,PH,Manila,PHP,Manila,English,12.879721,121.774017,Asia,41.7,300000.0,153000.0,20.55,63.0,2.58,27.8,0.86,376795508680.0,71.1,122287.0,129.61,2.5,107.5,35.5,22.5,121.0,1.12,53.5,0.6,108116615.0,59.6,14.0,43.1,2.15,50975903.0
139,Poland,124.0,PL,Warsaw,PLN,Warsaw,Polish,51.919438,19.145136,Europe,46.9,312685.0,191000.0,10.2,48.0,1.46,30.9,1.07,592164400688.0,77.6,299037.0,114.11,2.2,100.0,67.8,3.8,2.0,2.93,23.2,2.38,37970874.0,56.7,17.4,40.8,3.47,22796574.0
140,Portugal,111.0,PT,Lisbon,EUR,Lisbon,Portuguese,39.399872,-8.224454,Europe,39.5,92212.0,52000.0,8.5,351.0,1.38,34.6,1.54,237686075635.0,81.3,48742.0,110.62,0.3,106.2,63.9,3.1,8.0,3.78,27.7,5.12,10269417.0,58.8,22.8,39.8,6.33,6753579.0
141,Qatar,248.0,QA,Doha,QAR,Doha,Arabic,25.354826,51.183884,Asia,5.8,11586.0,22000.0,9.54,974.0,1.87,0.0,0.4,183466208791.0,80.1,103259.0,115.38,-0.7,103.8,17.9,5.8,9.0,3.9859999999999998,6.2,2.49,2832067.0,86.8,14.7,11.3,0.09,2809071.0
142,Romania,84.0,RO,Bucharest,RON,Bucharest,Romanian,45.943161,24.96676,Europe,58.8,238391.0,126000.0,9.6,40.0,1.71,30.1,1.16,250077444017.0,75.4,69259.0,123.78,3.8,85.2,49.4,6.1,19.0,2.25,21.3,2.98,19356544.0,54.7,14.6,20.0,3.98,10468793.0
143,Russia,9.0,RU,Moscow,RUB,Moscow,Russian,61.52401,105.318756,Europe,13.3,17098240.0,1454000.0,11.5,7.0,1.57,49.8,0.59,1699876578871.0,72.7,1732027.0,180.75,4.5,102.6,81.9,6.1,17.0,0.53,36.4,4.01,144373535.0,61.8,11.4,46.2,4.59,107683889.0
144,Rwanda,525.0,RW,Kigali,RWF,Kigali,Swahili,-1.940278,29.873888,Africa,73.4,26338.0,35000.0,31.7,250.0,4.04,19.7,1.17,10122472590.0,68.7,1115.0,151.09,3.4,133.0,6.7,27.0,248.0,0.5740000000000001,26.0,0.13,12626950.0,83.7,14.3,33.2,1.03,2186104.0
145,Saint Kitts and Nevis,205.0,KN,Basseterre,XCD,Basseterre,English,17.357822,-62.782998,North America,23.1,261.0,45856.56102959418,12.6,1.0,2.11,42.3,1.1570106865128789,1050992593.0,71.3,238.0,104.57,-1.0,108.7,86.7,9.8,96.2,3.33,56.6,2.52,52823.0,58.96,18.5,49.7,7.688,16269.0
146,Saint Lucia,301.0,LC,Castries,XCD,Castries,English,13.909444,-60.978893,North America,17.4,616.0,46173.68652918268,12.0,1.0,1.44,33.2,1.3,2122450630.0,76.1,414.0,110.13,1.9,102.6,14.1,14.9,117.0,0.686,48.4,0.64,182790.0,67.1,18.2,34.7,20.71,34280.0
147,Saint Vincent and the Grenadines,284.0,VC,Kingstown,XCD,Calliaqua,English,12.984305,-61.287228,North America,25.6,389.0,45926.31499332544,14.24,1.0,1.89,69.2,1.1553064119376342,825385185.0,72.4,220.0,109.67,2.3,113.4,23.7,14.8,68.0,1.16,21.4,0.66,100455.0,65.9,25.4,37.0,18.88,58185.0
148,Samoa,70.0,WS,Apia,WST,Apia,Samoan,-13.759029,-172.104629,Oceania,12.4,2831.0,46280.775007865515,24.38,685.0,3.88,60.4,0.91,850655017.0,73.2,246.0,117.56,1.0,110.5,7.6,13.6,43.0,0.78,11.5,0.34,202506.0,43.7,25.5,19.3,8.36,35588.0
149,San Marino,566.0,SM,City of San Marino,EUR,City of San Marino,Italian,43.94236,12.457777,Europe,16.7,61.0,45987.79734535949,6.8,378.0,1.26,0.0,1.075146169341189,1637931034.0,85.4,471.6,110.63,1.0,108.1,42.5,1.7,187.6,1.234,18.3,6.11,33860.0,69.52000000000001,18.1,36.2,4.614,32969.0
150,S�����������,228.0,ST,S����,STN,S����,Unknown,,,Unknown,50.7,964.0,1000.0,31.54,239.0,4.32,55.8,1.0863376485370122,429016605.0,70.2,121.0,185.09,7.9,106.8,13.4,24.4,130.0,1.684,11.7,0.05,215056.0,57.8,14.6,37.0,13.37,158277.0
151,Saudi Arabia,16.0,SA,Riyadh,SAR,Riyadh,Arabic,23.885942,45.079162,Asia,80.8,2149690.0,252000.0,17.8,966.0,2.32,0.5,0.24,792966838162.0,75.0,563449.0,118.4,-1.2,99.8,68.0,6.0,17.0,3.85,15.0,2.61,34268528.0,55.9,8.9,15.7,5.93,28807838.0
152,Senegal,87.0,SN,Dakar,XOF,Pikine,French,14.497401,-14.452362,Africa,46.1,196722.0,19000.0,34.52,221.0,4.63,42.8,1.14,23578084052.0,67.7,10902.0,109.25,1.8,81.0,12.8,31.8,315.0,0.31,44.2,0.07,16296364.0,45.7,16.3,44.8,6.6,7765706.0
153,Serbia,100.0,RS,Belgrade,RSD,Belgrade,Serbian,44.016521,21.005859,Europe,39.3,77474.0,32000.0,9.2,381.0,1.49,31.1,1.16,51409167351.0,75.5,45221.0,144.0,1.8,100.3,67.2,4.8,12.0,1.57,40.6,3.11,6944975.0,54.9,18.6,36.6,12.69,3907243.0
154,Seychelles,214.0,SC,"Victoria, Seychelles",SCR,"Victoria, Seychelles",French,-4.679574,55.491977,Africa,3.4,455.0,0.0,17.1,248.0,2.41,88.4,1.1245732562788824,1698843063.0,72.8,605.0,129.96,1.8,100.4,17.1,12.4,53.0,2.0,2.5,0.95,97625.0,67.22,34.1,30.1,6.5699999999999985,55762.0
155,Sierra Leone,111.0,SL,Freetown,SLL,Freetown,English,8.460555,-11.779889,Africa,54.7,71740.0,9000.0,33.41,232.0,4.26,43.1,1.08,3941474311.0,54.3,1093.0,234.16,14.8,112.8,2.0,78.5,1120.0,0.57,38.2,0.03,7813215.0,57.9,8.6,30.7,4.43,3319366.0
156,Singapore,8358.0,SG,Unknown,SGD,Unknown,Malay,1.352083,103.819836,Asia,0.9,716.0,81000.0,8.8,65.0,1.14,23.1,1.25,372062527489.0,83.1,37535.0,114.41,0.6,100.6,84.8,2.3,8.0,4.33,36.7,2.29,5703569.0,70.5,13.1,21.0,4.11,5703569.0
157,Slovakia,114.0,SK,Bratislava,EUR,Bratislava,Slovak,48.669026,19.699024,Europe,39.2,49035.0,16000.0,10.6,421.0,1.52,40.4,1.32,105422304976.0,77.2,32424.0,115.34,2.7,98.7,46.6,4.6,5.0,3.11,18.4,3.42,5454073.0,59.5,18.7,49.7,5.56,2930419.0
158,Slovenia,103.0,SI,Ljubljana,EUR,Ljubljana,Slovene language,46.151241,14.995463,Europe,30.7,20273.0,7000.0,9.4,386.0,1.6,62.0,1.32,53742159517.0,81.0,12633.0,111.05,1.6,100.4,78.6,1.7,7.0,5.25,12.5,3.09,2087946.0,58.4,18.6,31.0,4.2,1144654.0
159,Solomon Islands,25.0,SB,Honiara,SBD,Honiara,English,-9.64571,160.156194,Oceania,3.9,28896.0,48181.532496488384,32.44,677.0,4.4,77.9,0.9894715084795436,1425074226.0,72.8,169.0,133.06,1.6,106.2,35.3,17.1,104.0,0.4,3.3,0.19,669823.0,83.8,29.5,32.0,0.58,162164.0
160,Somalia,25.0,SO,Mogadishu,SOS,Bosaso,Arabic,5.152149,46.199616,Africa,70.3,637657.0,20000.0,41.75,252.0,6.07,10.0,1.41,4720727278.0,57.1,645.0,178.48,8.74,23.4,2.5,76.6,829.0,1.25,37.0,0.02,15442905.0,47.4,0.0,34.6,11.35,7034861.0
161,South Africa,49.0,ZA,Pretoria,ZAR,Johannesburg,Afrikaans,-30.559482,22.937506,Africa,79.8,1219090.0,80000.0,20.51,27.0,2.41,7.6,0.92,351431649241.0,63.9,476644.0,158.93,4.1,100.9,22.4,28.5,119.0,4.33,7.7,0.91,58558270.0,56.0,27.5,29.2,28.18,39149717.0
162,South Korea,527.0,KR,Seoul,KRW,Seoul,Korean,35.907757,127.766922,Asia,17.4,99720.0,634000.0,6.4,82.0,0.98,63.4,1.22,2029000000000.0,82.6,620302.0,115.16,0.4,98.1,94.3,2.7,11.0,6.49,36.8,2.36,51709098.0,63.0,15.6,33.2,4.15,42106719.0
163,South Sudan,18.0,SS,Juba,SSP,Juba,English,6.8769919,31.3069788,Africa,36.95234742269524,644329.0,185000.0,35.01,211.0,4.7,25.745613508049267,0.28,11997800751.0,57.6,1727.0,4583.71,187.9,73.0,19.699999999999996,63.7,1150.0,1.3980000000000001,61.3,1.318,11062113.0,72.4,17.4,31.4,12.24,2201250.0
164,Spain,94.0,ES,Madrid,EUR,Madrid,Spanish,40.463667,-3.74922,Europe,52.6,505370.0,196000.0,7.9,34.0,1.26,36.9,1.26,1394116310769.0,83.3,244002.0,110.96,0.7,102.7,88.9,2.5,4.0,5.6,24.2,3.87,47076781.0,57.5,14.2,47.0,13.96,37927409.0
165,Sri Lanka,341.0,LK,Colombo,LKR,Colombo,Tamil,7.873054,80.771797,Asia,43.7,65610.0,317000.0,15.83,94.0,2.2,32.9,0.88,84008783756.0,76.8,23362.0,155.53,3.5,100.2,19.6,6.4,36.0,0.35,38.4,1.0,21803000.0,53.9,11.9,55.2,4.2,4052088.0
166,Sudan,25.0,SD,Khartoum,SDG,Omdurman,Arabic,12.862807,30.217636,Africa,28.7,1861484.0,124000.0,32.18,249.0,4.41,8.1,0.95,18902284476.0,65.1,20000.0,1344.19,51.0,76.8,16.9,42.1,295.0,0.41,63.2,0.26,42813238.0,48.4,8.0,45.4,16.53,14957233.0
167,Suriname,4.0,SR,Paramaribo,SRD,Paramaribo,Dutch,3.919305,-56.027783,South America,0.6,163820.0,2000.0,18.54,597.0,2.42,98.3,1.29,3985250737.0,71.6,1738.0,294.66,22.0,108.8,12.6,16.9,120.0,2.2960000000000003,10.1,1.21,581372.0,51.1,19.5,27.9,7.33,384258.0
168,Sweden,25.0,SE,Stockholm,SEK,S�����,Swedish,60.128161,18.643501,Europe,7.4,450295.0,30000.0,11.4,46.0,1.76,68.9,1.42,530832908738.0,82.5,43252.0,110.51,1.8,126.6,67.0,2.2,4.0,3.532,15.2,3.98,10285453.0,64.6,27.9,49.1,6.48,9021165.0
169,Switzerland,219.0,CH,Bern,CHF,Z���,German,46.818188,8.227512,Europe,38.4,41277.0,21000.0,10.0,41.0,1.52,31.8,1.45,703082435360.0,83.6,34477.0,99.55,0.4,105.2,59.6,3.7,5.0,4.32,28.3,4.3,8574832.0,68.3,10.1,28.8,4.58,6332428.0
170,Syria,95.0,SY,Damascus,SYP,Damascus,Arabic,34.802075,38.996815,Asia,75.8,185180.0,239000.0,23.69,963.0,2.81,2.7,0.83,40405006007.0,71.8,28830.0,143.2,36.7,81.7,40.1,14.0,31.0,1.02,53.7,1.22,17070135.0,44.1,14.2,42.7,8.37,9358019.0
171,Tajikistan,68.0,TJ,Dushanbe,TJS,Dushanbe,Persian,38.861034,71.276093,Asia,34.1,144100.0,17000.0,30.76,992.0,3.59,3.0,0.71,8116626794.0,70.9,5310.0,148.57,6.0,100.9,31.3,30.4,17.0,0.23,63.1,1.7,9321018.0,42.0,9.8,67.3,11.02,2545477.0
172,Tanzania,67.0,TZ,Dodoma,TZS,Dar es Salaam,Swahili,-6.369028,34.888822,Africa,44.8,947300.0,28000.0,36.7,255.0,4.89,51.6,0.87,63177068175.0,65.0,11973.0,187.43,3.5,94.2,4.0,37.6,524.0,0.09,26.1,0.01,58005463.0,83.4,11.5,43.8,1.98,20011885.0
173,Thailand,137.0,TH,Bangkok,THB,Bangkok,Thai,15.870032,100.992541,Asia,43.3,513120.0,455000.0,10.34,66.0,1.53,32.2,0.71,543649976166.0,76.9,283763.0,113.27,0.7,99.8,49.3,7.8,37.0,1.06,11.8,0.81,69625582.0,67.3,14.9,29.5,0.75,35294600.0
174,East Timor,89.0,TL,Dili,USD,Dili,Portuguese,-8.874217,125.727539,Asia,25.6,14874.0,2000.0,29.42,670.0,4.02,45.4,1.1,1673540300.0,69.3,495.0,145.38,2.6,115.3,17.8,39.3,142.0,0.6,10.2,0.72,3500000.0,67.3,25.0,17.3,4.55,400182.0
175,Togo,152.0,TG,Lom�,XOF,Lom�,French,8.619543,0.824782,Africa,70.2,56785.0,10000.0,33.11,228.0,4.32,3.1,0.71,5459979417.0,60.8,3000.0,113.3,0.7,123.8,14.5,47.4,396.0,0.34,51.0,0.08,8082366.0,77.6,16.9,48.2,2.04,3414638.0
176,Tonga,147.0,TO,Nuku����,TOP,Nuku����,Tongan Language,-21.178986,-175.198242,Oceania,45.8,747.0,45970.745695185164,24.3,676.0,3.56,12.5,0.9211555247908347,450353314.0,70.8,128.0,121.09,7.4,116.3,6.4,13.4,52.0,1.684,10.2,0.52,100209.0,59.8,22.3,27.5,1.12,24145.0
177,Trinidad and Tobago,273.0,TT,Port of Spain,TTD,Chaguanas,English,10.691803,-61.222503,North America,10.5,5128.0,4000.0,12.94,1.0,1.73,46.0,0.54,24100202834.0,73.4,43868.0,141.75,1.0,106.2,12.0,16.4,67.0,2.25,37.3,4.17,1394973.0,60.0,19.5,40.5,2.69,741944.0
178,Tunisia,76.0,TN,Tunis,TND,Tunis,Arabic,33.886917,9.537499,Africa,64.8,163610.0,48000.0,17.56,216.0,2.2,6.8,0.73,38797709924.0,76.5,29937.0,155.33,6.7,115.4,31.7,14.6,43.0,0.47,39.8,1.3,11694719.0,46.1,21.1,60.7,16.02,8099061.0
179,Turkey,110.0,TR,Ankara,TRY,Istanbul,Turkish,38.963745,35.243322,Asia,49.8,783562.0,512000.0,16.03,90.0,2.07,15.4,1.42,754411708203.0,77.4,372725.0,234.44,15.2,93.2,23.9,9.1,17.0,3.45,16.9,1.85,83429615.0,52.8,17.9,42.3,13.49,63097818.0
180,Turkmenistan,13.0,TM,Ashgabat,TMT,Ashgabat,Turkmen,38.969719,59.556278,Asia,72.0,488100.0,42000.0,23.83,993.0,2.79,8.8,0.29,40761142857.0,68.1,70630.0,144.364,10.06,88.4,8.0,39.3,7.0,0.88,71.1,2.22,5942089.0,64.5,15.620000000000001,57.1,3.91,3092738.0
181,Tuvalu,393.0,TV,Funafuti,AUD,Singapore,Tuvaluan Language,-7.109535,177.64933,Oceania,60.0,26.0,45747.10682628163,23.791482564313654,688.0,3.2145651137379336,33.3,0.9654396742491458,47271463.0,70.46546230795539,11.0,127.2,3.5400000000000005,86.0,22.46,20.6,86.0,1.684,0.7,0.92,11646.0,59.42,21.72,52.64,9.224,7362.0
182,Uganda,229.0,UG,Kampala,UGX,Buganda,Swahili,1.373333,32.290275,Africa,71.9,241038.0,46000.0,38.14,256.0,4.96,9.7,0.94,34387229486.0,63.0,5680.0,173.87,2.9,102.7,4.8,33.8,375.0,0.01,40.5,0.17,44269594.0,70.3,11.7,33.7,1.84,10784516.0
183,Ukraine,75.0,UA,Kyiv,UAH,Kyiv,Ukrainian,48.379433,31.16558,Europe,71.7,603550.0,297000.0,8.7,380.0,1.3,16.7,0.83,153781069118.0,71.6,202250.0,281.66,7.9,99.0,82.7,7.5,19.0,0.84,47.8,2.99,44385155.0,54.2,20.1,45.2,8.88,30835699.0
184,United Arab Emirates,118.0,AE,Abu Dhabi,AED,Dubai,Arabic,23.424076,53.847818,Asia,5.5,83600.0,63000.0,10.33,971.0,1.41,4.6,0.49,421142267938.0,77.8,206324.0,114.52,-1.9,108.4,36.8,6.5,3.0,4.767999999999999,17.8,2.53,9770529.0,82.1,0.1,15.9,2.35,8479744.0
185,United Kingdom,281.0,GB,London,GBP,London,English,55.378051,-3.435973,Europe,71.7,243610.0,148000.0,11.0,44.0,1.68,13.1,1.46,2827113184696.0,81.3,379025.0,119.62,1.7,101.2,60.0,3.6,7.0,10.13,14.8,2.81,66834405.0,62.8,25.5,30.6,3.85,55908316.0
186,United States,36.0,US,"Washington, D.C.",USD,New York City,Unknown,37.09024,-95.712891,North America,44.4,9833517.0,1359000.0,11.6,1.0,1.73,33.9,0.71,21427700000000.0,78.5,5006302.0,117.24,7.5,101.8,88.2,5.6,19.0,7.25,11.1,2.61,328239523.0,62.0,9.6,36.6,14.7,270663028.0
187,Uruguay,20.0,UY,Montevideo,UYU,Montevideo,Spanish,-32.522779,-55.765835,South America,82.6,176215.0,22000.0,13.86,598.0,1.97,10.7,1.5,56045912952.0,77.8,6766.0,202.92,7.9,108.5,63.1,6.4,17.0,1.66,16.2,5.05,3461734.0,64.0,20.1,41.8,8.73,3303394.0
188,Uzbekistan,79.0,UZ,Tashkent,UZS,Tashkent,Uzbek,41.377491,64.585262,Asia,62.9,447400.0,68000.0,23.3,998.0,2.42,7.5,1.03,57921286440.0,71.6,91811.0,134.316,2.44,104.2,10.1,19.1,29.0,0.24,42.7,2.37,33580650.0,65.1,14.8,31.6,5.92,16935729.0
189,Vanuatu,25.0,VU,Port Vila,VUV,Port Vila,French,-15.376706,166.959158,Oceania,15.3,12189.0,46798.59049704104,29.6,678.0,3.78,36.1,1.31,917058851.0,70.3,147.0,117.13,2.8,109.3,4.7,22.3,72.0,1.56,8.9,0.17,299882.0,69.9,17.8,8.5,4.39,76152.0
190,Venezuela,32.0,VE,Caracas,VED,Caracas,Spanish,6.42375,-66.58973,South America,24.5,912050.0,343000.0,17.88,58.0,2.27,52.7,0.0,482359318768.0,72.1,164175.0,2740.27,254.9,97.2,79.3,21.4,125.0,0.01,45.8,1.92,28515829.0,59.7,13.680000000000001,73.3,8.8,25162368.0
191,Vietnam,314.0,VN,Hanoi,VND,Ho Chi Minh City,Vietnamese,14.058324,108.277199,Asia,39.3,331210.0,522000.0,16.75,84.0,2.05,48.1,0.8,261921244843.0,75.3,192668.0,163.52,2.8,110.6,28.5,16.5,43.0,0.73,43.5,0.82,96462106.0,77.4,19.1,37.6,2.01,35332140.0
192,Yemen,56.0,YE,Sanaa,YER,Sanaa,Arabic,15.552727,48.516388,Asia,44.6,527968.0,40000.0,30.45,967.0,3.79,1.0,0.92,26914402224.0,66.1,10609.0,157.58,8.1,93.6,10.2,42.9,164.0,1.0459999999999998,81.0,0.31,29161922.0,38.0,18.119999999999997,26.6,12.91,10869523.0
193,Zambia,25.0,ZM,Lusaka,ZMW,Lusaka,English,-13.133897,27.849332,Africa,32.1,752618.0,16000.0,36.19,260.0,4.63,65.2,1.4,23064722446.0,63.5,5141.0,212.31,9.2,98.7,4.1,40.4,213.0,0.24,27.5,1.19,17861030.0,74.6,16.2,15.6,11.43,7871713.0
194,Zimbabwe,38.0,ZW,Harare,Unknown,Harare,Shona,-19.015438,29.154857,Africa,41.9,390757.0,51000.0,30.68,263.0,3.62,35.5,1.34,21440758800.0,61.2,10983.0,105.51,0.9,109.9,10.0,33.9,458.0,0.48600000000000004,25.8,0.21,14645468.0,83.1,20.7,31.6,4.95,4717305.0
